{
  "firestore": {
    "database": "(default)",
    "location": "asia-southeast2",
    "rules": "firestore.rules",
    "indexes": "firestore.indexes.json"
  },
  "functions": [
    {
      "source": "functions",
      "codebase": "default",
      "ignore": [
        "node_modules",
        ".git",
        "firebase-debug.log",
        "firebase-debug.*.log",
        "*.local"
      ]
    }
  ],
  "hosting": {
    "public": "public",
    "ignore": [
      "firebase.json",
      "**/.*",
      "**/node_modules/**"
    ],
    "rewrites": [
      {
        "source": "**",
        "destination": "/index.html"
      }
    ]
  },
  "emulators": {
    "auth": {
      "port": 9099
    },
    "firestore": {
      "port": 8080
    },
    "functions": {
      "port": 5001
    },
    "hosting": {
      "port": 5001
    },
    "ui": {
      "port": 4000
    }
  }
}
